{
    "index": "/index.html",
    "dataGroups": [{
      "name": "auth",
      "urls": ["/auth"],
      "cacheConfig": {
        "maxSize": 0,
        "maxAge": "0u",
        "strategy": "freshness"
      }
    }],
    "assetGroups": [{
      "name": "app",
      "installMode": "prefetch",
      "resources": {
        "files": [
          "/favicon.ico",
          "/index.html",
          "/*.bundle.css",
          "/*.bundle.js",
          "/*.chunk.js"
        ]
      }
    }, {
      "name": "assets",
      "installMode": "lazy",
      "updateMode": "prefetch",
      "resources": {
        "files": [
          "/assets/**"
        ]
      }
    }]
  }
