{
  "components": [
    {
      "type": "content",
      "container": "main",
      "components": [
        {
          "type": "row",
          "components": [
            {
              "type": "col",
              "class": "col-md-12",
              "components": [
                {
                  "data": "",
                  "events": {
                    "cancel": [
                      {
                        "type": "back"
                      }
                    ],
                    "submit": [
                      {
                        "error": [
                          {
                            "detail": "Unable to create new Recurso!",
                            "severity": "error",
                            "summary": "Error",
                            "type": "notify"
                          }
                        ],
                        "name": "C4G.createRecurso",
                        "parameters": [
                          {
                            "name": "Recurso",
                            "value": "${event}"
                          }
                        ],
                        "then": [
                          {
                            "type": "back"
                          }
                        ],
                        "type": "invoke"
                      }
                    ]
                  },
                  "fields": [
                    {
                      "property": "index_Recurso",
                      "required": true,
                      "title": "Index Recurso",
                      "type": "integer",
                      "requiredText": "is required",
                      "minText": "cannot be less than",
                      "maxText": "cannot be more than"
                    },
                    {
                      "property": "obs",
                      "required": false,
                      "title": "Obs",
                      "type": "string",
                      "maxLength": 100,
                      "requiredText": "is required"
                    },
                    {
                      "property": "Designacao_EN",
                      "required": false,
                      "title": "Designacao En",
                      "type": "string",
                      "maxLength": 100,
                      "requiredText": "is required"
                    },
                    {
                      "property": "Designacao_PT",
                      "required": false,
                      "title": "Designacao Pt",
                      "type": "string",
                      "maxLength": 100,
                      "requiredText": "is required"
                    },
                    {
                      "property": "res",
                      "required": false,
                      "title": "Res",
                      "type": "string",
                      "maxLength": 100,
                      "requiredText": "is required"
                    },
                    {
                      "property": "web",
                      "required": false,
                      "title": "Web",
                      "type": "string",
                      "maxLength": 100,
                      "requiredText": "is required"
                    },
                    {
                      "property": "custo",
                      "required": false,
                      "title": "Custo",
                      "type": "number",
                      "requiredText": "is required",
                      "minText": "cannot be less than",
                      "maxText": "cannot be more than"
                    },
                    {
                      "property": "Dado",
                      "required": false,
                      "title": "Dado",
                      "type": "string",
                      "maxLength": 100,
                      "requiredText": "is required"
                    }
                  ],
                  "name": "form0",
                  "type": "form"
                }
              ]
            }
          ]
        }
      ]
    }
  ],
  "events": {
    "load": []
  },
  "name": "Add Recurso",
  "layout": "Main",
  "access": [
    "Member",
    "Staff"
  ]
}