{
  "components": [
    {
      "type": "content",
      "container": "main",
      "components": [
        {
          "type": "row",
          "components": [
            {
              "type": "col",
              "class": "col-md-12",
              "components": [
                {
                  "data": "",
                  "events": {
                    "cancel": [
                      {
                        "type": "back"
                      }
                    ],
                    "submit": [
                      {
                        "error": [
                          {
                            "detail": "Unable to create new Produto!",
                            "severity": "error",
                            "summary": "Error",
                            "type": "notify"
                          }
                        ],
                        "name": "C4G.createProduto",
                        "parameters": [
                          {
                            "name": "Produto",
                            "value": "${event}"
                          }
                        ],
                        "then": [
                          {
                            "type": "back"
                          }
                        ],
                        "type": "invoke"
                      }
                    ]
                  },
                  "fields": [
                    {
                      "property": "niv_produtos",
                      "required": false,
                      "title": "Niv Produtos",
                      "type": "integer",
                      "requiredText": "is required",
                      "minText": "cannot be less than",
                      "maxText": "cannot be more than"
                    },
                    {
                      "property": "tipo_produtos",
                      "required": false,
                      "title": "Tipo Produtos",
                      "type": "string",
                      "maxLength": 100,
                      "requiredText": "is required"
                    },
                    {
                      "property": "descricaoProduto",
                      "required": true,
                      "title": "Descricao Produto",
                      "type": "string",
                      "maxLength": 100,
                      "requiredText": "is required"
                    },
                    {
                      "data": "${getRecursosResult}",
                      "property": "index_Recurso",
                      "required": true,
                      "textProperty": "obs",
                      "title": "Recurso",
                      "type": "lookup",
                      "valueProperty": "index_Recurso",
                      "placeholder": "Choose Recurso",
                      "requiredText": "is required"
                    },
                    {
                      "property": "index_produtos",
                      "required": true,
                      "title": "Index Produtos",
                      "type": "integer",
                      "requiredText": "is required",
                      "minText": "cannot be less than",
                      "maxText": "cannot be more than"
                    }
                  ],
                  "name": "form0",
                  "type": "form"
                }
              ]
            }
          ]
        }
      ]
    }
  ],
  "events": {
    "load": [
      {
        "name": "C4G.getRecursos",
        "parameters": [],
        "then": [
          {
            "name": "getRecursosResult",
            "type": "set",
            "value": "${result.value}"
          }
        ],
        "type": "invoke"
      }
    ]
  },
  "name": "Add Produto",
  "layout": "Main",
  "access": [
    "Member",
    "Staff"
  ]
}