{
  "components": [
    {
      "type": "content",
      "container": "main",
      "components": [
        {
          "type": "row",
          "components": [
            {
              "type": "col",
              "class": "col-md-12",
              "components": [
                {
                  "data": "",
                  "events": {
                    "cancel": [
                      {
                        "type": "back"
                      }
                    ],
                    "submit": [
                      {
                        "error": [
                          {
                            "detail": "Unable to create new Pede!",
                            "severity": "error",
                            "summary": "Error",
                            "type": "notify"
                          }
                        ],
                        "name": "C4G.createPede",
                        "parameters": [
                          {
                            "name": "Pede",
                            "value": "${event}"
                          }
                        ],
                        "then": [
                          {
                            "type": "back"
                          }
                        ],
                        "type": "invoke"
                      }
                    ]
                  },
                  "fields": [
                    {
                      "data": "${getPessoasResult}",
                      "property": "id_Pessoa",
                      "required": true,
                      "textProperty": "email_pessoa",
                      "title": "Pessoa",
                      "type": "lookup",
                      "valueProperty": "id_Pessoa",
                      "placeholder": "Choose Pessoa",
                      "requiredText": "is required"
                    },
                    {
                      "data": "${getServicosResult}",
                      "property": "index_servicos",
                      "required": true,
                      "textProperty": "designa_pt_servicos",
                      "title": "Servico",
                      "type": "lookup",
                      "valueProperty": "index_servicos",
                      "placeholder": "Choose Servico",
                      "requiredText": "is required"
                    }
                  ],
                  "name": "form0",
                  "type": "form"
                }
              ]
            }
          ]
        }
      ]
    }
  ],
  "events": {
    "load": [
      {
        "name": "C4G.getPessoas",
        "parameters": [],
        "then": [
          {
            "name": "getPessoasResult",
            "type": "set",
            "value": "${result.value}"
          }
        ],
        "type": "invoke"
      },
      {
        "name": "C4G.getServicos",
        "parameters": [],
        "then": [
          {
            "name": "getServicosResult",
            "type": "set",
            "value": "${result.value}"
          }
        ],
        "type": "invoke"
      }
    ]
  },
  "name": "Add Pede",
  "layout": "Main",
  "access": [
    "Staff"
  ]
}