{
  "components": [
    {
      "type": "content",
      "container": "main",
      "components": [
        {
          "type": "row",
          "components": [
            {
              "type": "col",
              "class": "col-md-12",
              "components": [
                {
                  "data": "",
                  "events": {
                    "cancel": [
                      {
                        "type": "back"
                      }
                    ],
                    "submit": [
                      {
                        "error": [
                          {
                            "detail": "Unable to create new Pessoa!",
                            "severity": "error",
                            "summary": "Error",
                            "type": "notify"
                          }
                        ],
                        "name": "C4G.createPessoa",
                        "parameters": [
                          {
                            "name": "Pessoa",
                            "value": "${event}"
                          }
                        ],
                        "then": [
                          {
                            "type": "back"
                          }
                        ],
                        "type": "invoke"
                      }
                    ]
                  },
                  "fields": [
                    {
                      "property": "id_Pessoa",
                      "required": true,
                      "title": "Id Pessoa",
                      "type": "integer",
                      "requiredText": "is required",
                      "minText": "cannot be less than",
                      "maxText": "cannot be more than"
                    },
                    {
                      "property": "email_pessoa",
                      "required": false,
                      "title": "Email Pessoa",
                      "type": "string",
                      "maxLength": 100,
                      "requiredText": "is required"
                    },
                    {
                      "property": "nome_pessoa",
                      "required": false,
                      "title": "Nome Pessoa",
                      "type": "string",
                      "maxLength": 100,
                      "requiredText": "is required"
                    },
                    {
                      "property": "responsavel",
                      "required": false,
                      "title": "Responsavel",
                      "type": "string",
                      "maxLength": 10,
                      "requiredText": "is required"
                    },
                    {
                      "property": "membro",
                      "required": false,
                      "title": "Membro",
                      "type": "string",
                      "maxLength": 1,
                      "requiredText": "is required"
                    },
                    {
                      "data": "${getServicosResult}",
                      "property": "index_servicos",
                      "required": false,
                      "textProperty": "designa_pt_servicos",
                      "title": "Servico",
                      "type": "lookup",
                      "valueProperty": "index_servicos",
                      "placeholder": "Choose Servico",
                      "requiredText": "is required"
                    },
                    {
                      "data": "${getInstituicaosResult}",
                      "property": "Num_Inst",
                      "required": false,
                      "textProperty": "Tipo_Inst",
                      "title": "Instituicao",
                      "type": "lookup",
                      "valueProperty": "Num_Inst",
                      "placeholder": "Choose Instituicao",
                      "requiredText": "is required"
                    },
                    {
                      "data": "${getGtsResult}",
                      "property": "id_GT",
                      "required": false,
                      "textProperty": "sigla",
                      "title": "Gt",
                      "type": "lookup",
                      "valueProperty": "id_GT",
                      "placeholder": "Choose Gt",
                      "requiredText": "is required"
                    },
                    {
                      "property": "id",
                      "required": false,
                      "title": "Id",
                      "type": "string",
                      "maxLength": 450,
                      "requiredText": "is required"
                    }
                  ],
                  "name": "form0",
                  "type": "form"
                }
              ]
            }
          ]
        }
      ]
    }
  ],
  "events": {
    "load": [
      {
        "name": "C4G.getServicos",
        "parameters": [],
        "then": [
          {
            "name": "getServicosResult",
            "type": "set",
            "value": "${result.value}"
          }
        ],
        "type": "invoke"
      },
      {
        "name": "C4G.getInstituicaos",
        "parameters": [],
        "then": [
          {
            "name": "getInstituicaosResult",
            "type": "set",
            "value": "${result.value}"
          }
        ],
        "type": "invoke"
      },
      {
        "name": "C4G.getGts",
        "parameters": [],
        "then": [
          {
            "name": "getGtsResult",
            "type": "set",
            "value": "${result.value}"
          }
        ],
        "type": "invoke"
      }
    ]
  },
  "name": "Add Pessoa",
  "layout": "Main",
  "access": [
    "Admin"
  ]
}