{
  "components": [
    {
      "type": "content",
      "container": "main",
      "components": [
        {
          "type": "row",
          "components": [
            {
              "type": "col",
              "class": "col-md-12",
              "components": [
                {
                  "data": "",
                  "events": {
                    "cancel": [
                      {
                        "type": "back"
                      }
                    ],
                    "submit": [
                      {
                        "error": [
                          {
                            "detail": "Unable to create new Servico!",
                            "severity": "error",
                            "summary": "Error",
                            "type": "notify"
                          }
                        ],
                        "name": "C4G.createServico",
                        "parameters": [
                          {
                            "name": "Servico",
                            "value": "${event}"
                          }
                        ],
                        "then": [
                          {
                            "type": "back"
                          }
                        ],
                        "type": "invoke"
                      }
                    ]
                  },
                  "fields": [
                    {
                      "property": "index_servicos",
                      "required": true,
                      "title": "Index Servicos",
                      "type": "integer",
                      "requiredText": "is required",
                      "minText": "cannot be less than",
                      "maxText": "cannot be more than"
                    },
                    {
                      "property": "designa_pt_servicos",
                      "required": true,
                      "title": "Designa Pt Servicos",
                      "type": "string",
                      "maxLength": 100,
                      "requiredText": "is required"
                    },
                    {
                      "property": "designa_en_servicos",
                      "required": true,
                      "title": "Designa En Servicos",
                      "type": "string",
                      "maxLength": 100,
                      "requiredText": "is required"
                    },
                    {
                      "property": "inst_dispo_servicos",
                      "required": true,
                      "title": "Inst Dispo Servicos",
                      "type": "string",
                      "maxLength": 100,
                      "requiredText": "is required"
                    },
                    {
                      "property": "obs_servicos",
                      "required": true,
                      "title": "Obs Servicos",
                      "type": "string",
                      "maxLength": 100,
                      "requiredText": "is required"
                    },
                    {
                      "property": "custo_servicos",
                      "required": true,
                      "title": "Custo Servicos",
                      "type": "number",
                      "requiredText": "is required",
                      "minText": "cannot be less than",
                      "maxText": "cannot be more than"
                    },
                    {
                      "property": "desc_servicos",
                      "required": true,
                      "title": "Desc Servicos",
                      "type": "string",
                      "maxLength": 100,
                      "requiredText": "is required"
                    },
                    {
                      "data": "${getGtsResult}",
                      "property": "id_GT",
                      "required": true,
                      "textProperty": "sigla",
                      "title": "Gt",
                      "type": "lookup",
                      "valueProperty": "id_GT",
                      "placeholder": "Choose Gt",
                      "requiredText": "is required"
                    },
                    {
                      "property": "data_inicio",
                      "required": false,
                      "title": "Data Inicio",
                      "type": "date",
                      "requiredText": "is required"
                    },
                    {
                      "property": "data_fim",
                      "required": false,
                      "title": "Data Fim",
                      "type": "date",
                      "requiredText": "is required"
                    }
                  ],
                  "name": "form0",
                  "type": "form"
                }
              ]
            }
          ]
        }
      ]
    }
  ],
  "events": {
    "load": [
      {
        "name": "C4G.getGts",
        "parameters": [],
        "then": [
          {
            "name": "getGtsResult",
            "type": "set",
            "value": "${result.value}"
          }
        ],
        "type": "invoke"
      }
    ]
  },
  "name": "Add Serviço",
  "layout": "Main",
  "access": [
    "Authenticated"
  ]
}