{
  "access": [
    "Authenticated"
  ],
  "components": [
    {
      "components": [
        {
          "name": "pageTitle",
          "size": "H1",
          "text": "Calendário de Serviços ",
          "type": "heading"
        },
        {
          "components": [
            {
              "class": "col-md-12",
              "components": [
                {
                  "data": "${getServicosResult}",
                  "endProperty": "data_fim",
                  "events": {
                    "eventAdd": [
                      {
                        "parameters": [
                          {
                            "name": "start",
                            "value": "${event.start}"
                          },
                          {
                            "name": "end",
                            "value": "${event.end}"
                          }
                        ],
                        "path": "add-servico",
                        "type": "popup"
                      }
                    ],
                    "eventSelect": [
                      {
                        "parameters": [
                          {
                            "name": "index_servicos",
                            "value": "${event.index_servicos}"
                          }
                        ],
                        "path": "edit-servico",
                        "type": "popup"
                      }
                    ],
                    "eventUpdate": [
                      {
                        "error": [
                          {
                            "detail": "Unable to update Servico",
                            "severity": "error",
                            "summary": "Error",
                            "type": "notify"
                          }
                        ],
                        "name": "C4G.updateServico",
                        "parameters": [
                          {
                            "name": "index_servicos",
                            "value": "${event.index_servicos}"
                          },
                          {
                            "name": "Servico",
                            "value": "${event}"
                          }
                        ],
                        "type": "invoke"
                      }
                    ]
                  },
                  "idProperty": "index_servicos",
                  "name": "scheduler0",
                  "startProperty": "data_inicio",
                  "titleProperty": "designa_pt_servicos",
                  "type": "scheduler"
                }
              ],
              "type": "col"
            }
          ],
          "type": "row"
        }
      ],
      "container": "main",
      "type": "content"
    }
  ],
  "events": {
    "load": [
      {
        "name": "C4G.getServicos",
        "then": [
          {
            "name": "getServicosResult",
            "type": "set",
            "value": "${result.value}"
          }
        ],
        "type": "invoke"
      }
    ]
  },
  "layout": "Main",
  "name": "Calendário"
}