{
  "components": [
    {
      "type": "content",
      "container": "main",
      "components": [
        {
          "type": "row",
          "components": [
            {
              "type": "col",
              "class": "col-md-12",
              "components": [
                {
                  "data": "${recurso}",
                  "events": {
                    "cancel": [
                      {
                        "type": "back"
                      }
                    ],
                    "submit": [
                      {
                        "error": [
                          {
                            "detail": "Unable to update Recurso",
                            "severity": "error",
                            "summary": "Error",
                            "type": "notify"
                          }
                        ],
                        "name": "C4G.updateRecurso",
                        "parameters": [
                          {
                            "name": "index_Recurso",
                            "value": "${parameters.index_Recurso}"
                          },
                          {
                            "name": "Recurso",
                            "value": "${event}"
                          }
                        ],
                        "then": [
                          {
                            "type": "back"
                          }
                        ],
                        "type": "invoke"
                      }
                    ]
                  },
                  "fields": [
                    {
                      "property": "index_Recurso",
                      "required": true,
                      "title": "Index Recurso",
                      "type": "integer",
                      "requiredText": "is required",
                      "minText": "cannot be less than",
                      "maxText": "cannot be more than"
                    },
                    {
                      "property": "obs",
                      "required": false,
                      "title": "Obs",
                      "type": "string",
                      "maxLength": 100,
                      "requiredText": "is required"
                    },
                    {
                      "property": "Designacao_EN",
                      "required": false,
                      "title": "Designacao En",
                      "type": "string",
                      "maxLength": 100,
                      "requiredText": "is required"
                    },
                    {
                      "property": "Designacao_PT",
                      "required": false,
                      "title": "Designacao Pt",
                      "type": "string",
                      "maxLength": 100,
                      "requiredText": "is required"
                    },
                    {
                      "property": "res",
                      "required": false,
                      "title": "Res",
                      "type": "string",
                      "maxLength": 100,
                      "requiredText": "is required"
                    },
                    {
                      "property": "web",
                      "required": false,
                      "title": "Web",
                      "type": "string",
                      "maxLength": 100,
                      "requiredText": "is required"
                    },
                    {
                      "property": "custo",
                      "required": false,
                      "title": "Custo",
                      "type": "number",
                      "requiredText": "is required",
                      "minText": "cannot be less than",
                      "maxText": "cannot be more than"
                    },
                    {
                      "property": "Dado",
                      "required": false,
                      "title": "Dado",
                      "type": "string",
                      "maxLength": 100,
                      "requiredText": "is required"
                    }
                  ],
                  "name": "form0",
                  "type": "form",
                  "visible": "recurso"
                }
              ]
            }
          ]
        }
      ]
    }
  ],
  "events": {
    "load": [
      {
        "name": "C4G.getRecursoByindex_Recurso",
        "parameters": [
          {
            "name": "index_Recurso",
            "value": "${parameters.index_Recurso}"
          }
        ],
        "then": [
          {
            "name": "recurso",
            "type": "set",
            "value": "${result}"
          }
        ],
        "error": [],
        "type": "invoke"
      }
    ]
  },
  "name": "Edit Recurso",
  "layout": "Main",
  "access": [
    "Member",
    "Staff"
  ]
}