{
  "components": [
    {
      "type": "content",
      "container": "main",
      "components": [
        {
          "type": "row",
          "components": [
            {
              "type": "col",
              "class": "col-md-12",
              "components": [
                {
                  "data": "${instituicao}",
                  "events": {
                    "cancel": [
                      {
                        "type": "back"
                      }
                    ],
                    "submit": [
                      {
                        "error": [
                          {
                            "detail": "Unable to update Instituicao",
                            "severity": "error",
                            "summary": "Error",
                            "type": "notify"
                          }
                        ],
                        "name": "C4G.updateInstituicao",
                        "parameters": [
                          {
                            "name": "Num_Inst",
                            "value": "${parameters.Num_Inst}"
                          },
                          {
                            "name": "Instituicao",
                            "value": "${event}"
                          }
                        ],
                        "then": [
                          {
                            "type": "back"
                          }
                        ],
                        "type": "invoke"
                      }
                    ]
                  },
                  "fields": [
                    {
                      "property": "Num_Inst",
                      "required": true,
                      "title": "Num Inst",
                      "type": "integer",
                      "requiredText": "is required",
                      "minText": "cannot be less than",
                      "maxText": "cannot be more than"
                    },
                    {
                      "property": "Tipo_Inst",
                      "required": true,
                      "title": "Tipo Inst",
                      "type": "string",
                      "maxLength": 100,
                      "requiredText": "is required"
                    },
                    {
                      "property": "Nome_Inst",
                      "required": true,
                      "title": "Nome Inst",
                      "type": "string",
                      "maxLength": 100,
                      "requiredText": "is required"
                    },
                    {
                      "property": "Morada_Inst",
                      "required": true,
                      "title": "Morada Inst",
                      "type": "string",
                      "maxLength": 100,
                      "requiredText": "is required"
                    },
                    {
                      "property": "Parceiro",
                      "required": true,
                      "title": "Parceiro",
                      "type": "string",
                      "maxLength": 10,
                      "requiredText": "is required"
                    },
                    {
                      "property": "acronimo",
                      "required": true,
                      "title": "Acronimo",
                      "type": "string",
                      "maxLength": 100,
                      "requiredText": "is required"
                    },
                    {
                      "property": "Formacao",
                      "required": true,
                      "title": "Formacao",
                      "type": "string",
                      "maxLength": 10,
                      "requiredText": "is required"
                    }
                  ],
                  "name": "form0",
                  "type": "form",
                  "visible": "instituicao"
                }
              ]
            }
          ]
        }
      ]
    }
  ],
  "events": {
    "load": [
      {
        "name": "C4G.getInstituicaoByNum_Inst",
        "parameters": [
          {
            "name": "Num_Inst",
            "value": "${parameters.Num_Inst}"
          }
        ],
        "then": [
          {
            "name": "instituicao",
            "type": "set",
            "value": "${result}"
          }
        ],
        "error": [],
        "type": "invoke"
      }
    ]
  },
  "name": "Edit Instituicao",
  "layout": "Main",
  "access": [
    "Staff"
  ]
}