{
  "components": [
    {
      "type": "content",
      "container": "main",
      "components": [
        {
          "type": "row",
          "components": [
            {
              "type": "col",
              "class": "col-md-12",
              "components": [
                {
                  "data": "${pede}",
                  "events": {
                    "cancel": [
                      {
                        "type": "back"
                      }
                    ],
                    "submit": [
                      {
                        "error": [
                          {
                            "detail": "Unable to update Pede",
                            "severity": "error",
                            "summary": "Error",
                            "type": "notify"
                          }
                        ],
                        "name": "C4G.updatePede",
                        "parameters": [
                          {
                            "name": "id_Pessoa",
                            "value": "${parameters.id_Pessoa}"
                          },
                          {
                            "name": "index_servicos",
                            "value": "${parameters.index_servicos}"
                          },
                          {
                            "name": "Pede",
                            "value": "${event}"
                          }
                        ],
                        "then": [
                          {
                            "type": "back"
                          }
                        ],
                        "type": "invoke"
                      }
                    ]
                  },
                  "fields": [
                    {
                      "data": "${getPessoasResult}",
                      "property": "id_Pessoa",
                      "required": true,
                      "textProperty": "email_pessoa",
                      "title": "Pessoa",
                      "type": "lookup",
                      "valueProperty": "id_Pessoa",
                      "placeholder": "Choose Pessoa",
                      "requiredText": "is required"
                    },
                    {
                      "data": "${getServicosResult}",
                      "property": "index_servicos",
                      "required": true,
                      "textProperty": "designa_pt_servicos",
                      "title": "Servico",
                      "type": "lookup",
                      "valueProperty": "index_servicos",
                      "placeholder": "Choose Servico",
                      "requiredText": "is required"
                    }
                  ],
                  "name": "form0",
                  "type": "form",
                  "visible": "pede"
                }
              ]
            }
          ]
        }
      ]
    }
  ],
  "events": {
    "load": [
      {
        "name": "C4G.getPedeById_PessoaAndIndex_servicos",
        "parameters": [
          {
            "name": "id_Pessoa",
            "value": "${parameters.id_Pessoa}"
          },
          {
            "name": "index_servicos",
            "value": "${parameters.index_servicos}"
          }
        ],
        "then": [
          {
            "name": "pede",
            "type": "set",
            "value": "${result}"
          }
        ],
        "error": [],
        "type": "invoke"
      },
      {
        "name": "C4G.getPessoas",
        "parameters": [],
        "then": [
          {
            "name": "getPessoasResult",
            "type": "set",
            "value": "${result.value}"
          }
        ],
        "type": "invoke"
      },
      {
        "name": "C4G.getServicos",
        "parameters": [],
        "then": [
          {
            "name": "getServicosResult",
            "type": "set",
            "value": "${result.value}"
          }
        ],
        "type": "invoke"
      }
    ]
  },
  "name": "Edit Pede",
  "layout": "Main",
  "access": [
    "Staff"
  ]
}