{
  "components": [
    {
      "type": "content",
      "container": "main",
      "components": [
        {
          "type": "row",
          "components": [
            {
              "type": "col",
              "class": "col-md-12",
              "components": [
                {
                  "data": "${equipamento}",
                  "events": {
                    "cancel": [
                      {
                        "type": "back"
                      }
                    ],
                    "submit": [
                      {
                        "error": [
                          {
                            "detail": "Unable to update Equipamento",
                            "severity": "error",
                            "summary": "Error",
                            "type": "notify"
                          }
                        ],
                        "name": "C4G.updateEquipamento",
                        "parameters": [
                          {
                            "name": "no_regis_produto",
                            "value": "${parameters.no_regis_produto}"
                          },
                          {
                            "name": "Equipamento",
                            "value": "${event}"
                          }
                        ],
                        "then": [
                          {
                            "type": "back"
                          }
                        ],
                        "type": "invoke"
                      }
                    ]
                  },
                  "fields": [
                    {
                      "property": "no_regis_produto",
                      "required": true,
                      "title": "No Regis Produto",
                      "type": "integer",
                      "requiredText": "is required",
                      "minText": "cannot be less than",
                      "maxText": "cannot be more than"
                    },
                    {
                      "property": "nome_equi",
                      "required": true,
                      "title": "Nome Equi",
                      "type": "string",
                      "maxLength": 100,
                      "requiredText": "is required"
                    },
                    {
                      "data": "${getRecursosResult}",
                      "property": "index_Recurso",
                      "required": true,
                      "textProperty": "obs",
                      "title": "Recurso",
                      "type": "lookup",
                      "valueProperty": "index_Recurso",
                      "placeholder": "Choose Recurso",
                      "requiredText": "is required"
                    },
                    {
                      "property": "garantia",
                      "required": false,
                      "title": "Garantia",
                      "type": "date",
                      "requiredText": "is required"
                    },
                    {
                      "property": "categoria",
                      "required": false,
                      "title": "Categoria",
                      "type": "string",
                      "maxLength": 100,
                      "requiredText": "is required"
                    },
                    {
                      "property": "Equi_obs",
                      "required": false,
                      "title": "Equi Obs",
                      "type": "string",
                      "maxLength": 100,
                      "requiredText": "is required"
                    }
                  ],
                  "name": "form0",
                  "type": "form",
                  "visible": "equipamento"
                }
              ]
            }
          ]
        }
      ]
    }
  ],
  "events": {
    "load": [
      {
        "name": "C4G.getEquipamentoByno_regis_produto",
        "parameters": [
          {
            "name": "no_regis_produto",
            "value": "${parameters.no_regis_produto}"
          }
        ],
        "then": [
          {
            "name": "equipamento",
            "type": "set",
            "value": "${result}"
          }
        ],
        "error": [],
        "type": "invoke"
      },
      {
        "name": "C4G.getRecursos",
        "parameters": [],
        "then": [
          {
            "name": "getRecursosResult",
            "type": "set",
            "value": "${result.value}"
          }
        ],
        "type": "invoke"
      }
    ]
  },
  "name": "Edit Equipamento",
  "layout": "Main",
  "access": [
    "Member",
    "Staff"
  ]
}