{
  "access": [
    "Authenticated"
  ],
  "components": [
    {
      "components": [
        {
          "name": "pageTitle",
          "size": "H1",
          "text": "Equipamento - Instituição",
          "type": "heading"
        },
        {
          "components": [
            {
              "class": "col-md-12",
              "components": [
                {
                  "addText": "Add",
                  "allowAdd": true,
                  "allowDelete": true,
                  "allowFiltering": true,
                  "allowMultiSorting": false,
                  "allowPaging": true,
                  "allowSorting": true,
                  "applyFilterText": "Apply",
                  "clearFilterText": "Clear",
                  "columns": [
                    {
                      "filterProperty": "Instituicao.Tipo_Inst",
                      "property": "Num_Inst",
                      "sortProperty": "Instituicao.Tipo_Inst",
                      "template": "${data.Instituicao?.Tipo_Inst}",
                      "title": "Instituicao",
                      "type": "string"
                    },
                    {
                      "filterProperty": "Equipamento.nome_equi",
                      "property": "no_regis_produto",
                      "sortProperty": "Equipamento.nome_equi",
                      "template": "${data.Equipamento?.nome_equi}",
                      "title": "Equipamento",
                      "type": "string"
                    }
                  ],
                  "confirmDelete": true,
                  "confirmDeleteCancelText": "Cancel",
                  "confirmDeleteOkText": "Ok",
                  "confirmDeleteText": "Are you sure you want to delete this record?",
                  "confirmDeleteTitle": "Confirmation",
                  "containsText": "Contains",
                  "count": "${getPertencersCount}",
                  "data": "${getPertencersResult}",
                  "emptyText": "No records to display.",
                  "endsWithText": "Ends with",
                  "equalsText": "Equals",
                  "events": {
                    "add": [
                      {
                        "path": "add-pertencer",
                        "type": "popup"
                      }
                    ],
                    "delete": [
                      {
                        "error": [
                          {
                            "detail": "Unable to delete Pertencer",
                            "severity": "error",
                            "summary": "Error",
                            "type": "notify"
                          }
                        ],
                        "name": "C4G.deletePertencer",
                        "parameters": [
                          {
                            "name": "Num_Inst",
                            "value": "${event.Num_Inst}"
                          },
                          {
                            "name": "no_regis_produto",
                            "value": "${event.no_regis_produto}"
                          }
                        ],
                        "then": [
                          {
                            "detail": "Pertencer deleted!",
                            "severity": "success",
                            "summary": "Success",
                            "type": "notify"
                          }
                        ],
                        "type": "invoke"
                      }
                    ],
                    "loadData": [
                      {
                        "error": [
                          {
                            "detail": "Unable to load Pertencers",
                            "severity": "error",
                            "summary": "Error",
                            "type": "notify"
                          }
                        ],
                        "name": "C4G.getPertencers",
                        "parameters": [
                          {
                            "name": "$top",
                            "value": "event.top"
                          },
                          {
                            "name": "$skip",
                            "value": "event.skip"
                          },
                          {
                            "name": "$count",
                            "value": "event.top != null && event.skip != null"
                          },
                          {
                            "name": "$filter",
                            "value": "${event.filter}"
                          },
                          {
                            "name": "$orderby",
                            "value": "${event.orderby}"
                          },
                          {
                            "name": "$expand",
                            "value": "Instituicao,Equipamento"
                          }
                        ],
                        "then": [
                          {
                            "name": "getPertencersResult",
                            "type": "set",
                            "value": "${result.value}"
                          },
                          {
                            "name": "getPertencersCount",
                            "type": "set",
                            "value": "event.top != null && event.skip != null ? result['@odata.count'] : ${result.value.length}"
                          }
                        ],
                        "type": "invoke"
                      }
                    ],
                    "rowSelect": [
                      {
                        "parameters": [
                          {
                            "name": "Num_Inst",
                            "value": "${event.Num_Inst}"
                          },
                          {
                            "name": "no_regis_produto",
                            "value": "${event.no_regis_produto}"
                          }
                        ],
                        "path": "edit-pertencer",
                        "type": "popup"
                      }
                    ]
                  },
                  "greaterThanOrEqualsText": "Greater than or equals",
                  "greaterThanText": "Greater than",
                  "lessThanOrEqualsText": "Less than or equals",
                  "lessThanText": "Less than",
                  "name": "grid0",
                  "notEqualsText": "Not equals",
                  "startsWithText": "Starts with",
                  "title": "",
                  "type": "grid"
                }
              ],
              "type": "col"
            }
          ],
          "type": "row"
        }
      ],
      "container": "main",
      "type": "content"
    }
  ],
  "events": {
    "load": [
      {
        "code": "this.grid0.load();",
        "type": "execute"
      }
    ]
  },
  "layout": "Main",
  "name": "Pertencers"
}