{
  "access": [
    "Staff"
  ],
  "components": [
    {
      "components": [
        {
          "name": "pageTitle",
          "size": "H1",
          "text": "Serviços",
          "type": "heading"
        },
        {
          "components": [
            {
              "class": "col-md-12",
              "components": [
                {
                  "addText": "Add",
                  "allowAdd": true,
                  "allowDelete": true,
                  "allowFiltering": true,
                  "allowMultiSorting": false,
                  "allowPaging": true,
                  "allowSorting": true,
                  "applyFilterText": "Apply",
                  "clearFilterText": "Clear",
                  "columns": [
                    {
                      "property": "index_servicos",
                      "title": "Index Servicos",
                      "type": "integer"
                    },
                    {
                      "property": "designa_pt_servicos",
                      "title": "Designa Pt Servicos",
                      "type": "string"
                    },
                    {
                      "property": "designa_en_servicos",
                      "title": "Designa En Servicos",
                      "type": "string"
                    },
                    {
                      "property": "inst_dispo_servicos",
                      "title": "Inst Dispo Servicos",
                      "type": "string"
                    },
                    {
                      "property": "obs_servicos",
                      "title": "Obs Servicos",
                      "type": "string"
                    },
                    {
                      "format": "double",
                      "property": "custo_servicos",
                      "title": "Custo Servicos",
                      "type": "number"
                    },
                    {
                      "property": "desc_servicos",
                      "title": "Desc Servicos",
                      "type": "string"
                    },
                    {
                      "filterProperty": "Gt.sigla",
                      "property": "id_GT",
                      "sortProperty": "Gt.sigla",
                      "template": "${data.Gt?.sigla}",
                      "title": "Gt",
                      "type": "string"
                    },
                    {
                      "format": "date-time",
                      "formatString": "medium",
                      "property": "data_inicio",
                      "title": "Data Inicio",
                      "type": "string"
                    },
                    {
                      "format": "date-time",
                      "formatString": "medium",
                      "property": "data_fim",
                      "title": "Data Fim",
                      "type": "string"
                    }
                  ],
                  "confirmDelete": true,
                  "confirmDeleteCancelText": "Cancel",
                  "confirmDeleteOkText": "Ok",
                  "confirmDeleteText": "Are you sure you want to delete this record?",
                  "confirmDeleteTitle": "Confirmation",
                  "containsText": "Contains",
                  "count": "${getServicosCount}",
                  "data": "${getServicosResult}",
                  "emptyText": "No records to display.",
                  "endsWithText": "Ends with",
                  "equalsText": "Equals",
                  "events": {
                    "add": [
                      {
                        "path": "add-servico",
                        "type": "popup"
                      }
                    ],
                    "delete": [
                      {
                        "error": [
                          {
                            "detail": "Unable to delete Servico",
                            "severity": "error",
                            "summary": "Error",
                            "type": "notify"
                          }
                        ],
                        "name": "C4G.deleteServico",
                        "parameters": [
                          {
                            "name": "index_servicos",
                            "value": "${event.index_servicos}"
                          }
                        ],
                        "then": [
                          {
                            "detail": "Servico deleted!",
                            "severity": "success",
                            "summary": "Success",
                            "type": "notify"
                          }
                        ],
                        "type": "invoke"
                      }
                    ],
                    "loadData": [
                      {
                        "error": [
                          {
                            "detail": "Unable to load Servicos",
                            "severity": "error",
                            "summary": "Error",
                            "type": "notify"
                          }
                        ],
                        "name": "C4G.getServicos",
                        "parameters": [
                          {
                            "name": "$top",
                            "value": "event.top"
                          },
                          {
                            "name": "$skip",
                            "value": "event.skip"
                          },
                          {
                            "name": "$count",
                            "value": "event.top != null && event.skip != null"
                          },
                          {
                            "name": "$filter",
                            "value": "${event.filter}"
                          },
                          {
                            "name": "$orderby",
                            "value": "${event.orderby}"
                          },
                          {
                            "name": "$expand",
                            "value": "Gt"
                          }
                        ],
                        "then": [
                          {
                            "name": "getServicosResult",
                            "type": "set",
                            "value": "${result.value}"
                          },
                          {
                            "name": "getServicosCount",
                            "type": "set",
                            "value": "event.top != null && event.skip != null ? result['@odata.count'] : ${result.value.length}"
                          }
                        ],
                        "type": "invoke"
                      }
                    ],
                    "rowSelect": [
                      {
                        "parameters": [
                          {
                            "name": "index_servicos",
                            "value": "${event.index_servicos}"
                          }
                        ],
                        "path": "edit-servico",
                        "type": "popup"
                      }
                    ]
                  },
                  "greaterThanOrEqualsText": "Greater than or equals",
                  "greaterThanText": "Greater than",
                  "lessThanOrEqualsText": "Less than or equals",
                  "lessThanText": "Less than",
                  "name": "grid0",
                  "notEqualsText": "Not equals",
                  "startsWithText": "Starts with",
                  "title": "",
                  "type": "grid"
                }
              ],
              "type": "col"
            }
          ],
          "type": "row"
        }
      ],
      "container": "main",
      "type": "content"
    }
  ],
  "events": {
    "load": [
      {
        "code": "this.grid0.load();",
        "type": "execute"
      }
    ]
  },
  "layout": "Main",
  "name": "Serviços"
}